City_ID,City,Country,Date,Lat,Lng,Max Temp,Humidity,Cloudiness,Wind Speed,Current Description,Rain inches (last 3 hrs),Snow inches (last 3 hrs)
0,Grindavik,IS,2019-11-12 03:28:30,63.84,-22.43,37.4,93,75,6.93,light intensity drizzle,0.0,0.0
1,Ushuaia,AR,2019-11-12 03:28:30,-54.81,-68.31,46.4,81,40,5.82,scattered clouds,0.0,0.0
2,Avarua,CK,2019-11-12 03:28:29,-21.21,-159.78,77.0,78,45,14.99,scattered clouds,0.0,0.0
3,Punta Arenas,CL,2019-11-12 03:28:31,-53.16,-70.91,42.8,87,92,3.36,overcast clouds,0.0,0.0
4,Isangel,VU,2019-11-12 03:28:31,-19.55,169.27,82.4,51,20,17.22,few clouds,0.0,0.0
5,Khatanga,RU,2019-11-12 03:28:31,71.98,102.47,-2.3,98,100,3.96,light snow,0.0,0.31
6,Brainerd,US,2019-11-12 03:28:32,46.36,-94.2,7.0,60,1,6.93,clear sky,0.0,0.0
7,Cape Town,ZA,2019-11-12 03:27:52,-33.93,18.42,66.0,88,75,3.36,broken clouds,0.0,0.0
8,New Norfolk,AU,2019-11-12 03:28:32,-42.78,147.06,57.2,33,40,26.4,shower rain,0.0,0.0
9,Atar,MR,2019-11-12 03:28:32,20.52,-13.05,65.61,27,0,6.2,clear sky,0.0,0.0
10,Codrington,AU,2019-11-12 03:28:32,-28.95,153.24,98.6,11,0,12.75,clear sky,0.0,0.0
11,Yellowknife,CA,2019-11-12 03:28:33,62.45,-114.38,5.0,77,75,9.17,light snow,0.0,0.0
12,Kapaa,US,2019-11-12 03:23:43,22.08,-159.32,82.4,88,90,8.05,light rain,0.0,0.0
13,Kenai,US,2019-11-12 03:28:33,60.55,-151.26,37.99,74,1,8.05,clear sky,0.0,0.0
14,Lagoa,PT,2019-11-12 03:28:33,37.14,-8.45,57.2,71,33,9.17,scattered clouds,0.0,0.0
15,Beyneu,KZ,2019-11-12 03:28:33,45.32,55.19,38.75,52,0,12.39,clear sky,0.0,0.0
16,Saurimo,AO,2019-11-12 03:28:33,-9.66,20.4,63.09,97,94,3.18,overcast clouds,0.0,0.0
17,Iqaluit,CA,2019-11-12 03:28:34,63.75,-68.52,19.4,79,90,18.34,light snow,0.0,0.0
18,Ilhabela,BR,2019-11-12 03:28:34,-23.78,-45.36,73.83,82,100,24.23,light rain,1.44,0.0
19,Riyadh,SA,2019-11-12 03:28:34,24.63,46.72,60.8,77,40,5.01,scattered clouds,0.0,0.0
20,Buala,SB,2019-11-12 03:28:34,-8.15,159.59,84.22,73,37,10.51,scattered clouds,0.0,0.0
21,Jamestown,AU,2019-11-12 03:28:34,-33.21,138.6,63.59,32,0,19.86,clear sky,0.0,0.0
22,Busselton,AU,2019-11-12 03:28:34,-33.64,115.35,75.99,25,0,12.15,clear sky,0.0,0.0
23,Tuktoyaktuk,CA,2019-11-12 03:28:35,69.44,-133.03,10.4,85,90,19.46,light snow,0.0,0.0
24,Hobart,AU,2019-11-12 03:28:35,-42.88,147.33,57.2,33,40,26.4,shower rain,0.0,0.0
25,Hilo,US,2019-11-12 03:28:35,19.71,-155.08,82.4,65,75,4.7,broken clouds,0.0,0.0
26,Cockburn Town,TC,2019-11-12 03:28:35,21.46,-71.14,81.64,76,0,16.22,light rain,1.0,0.0
27,Mataura,NZ,2019-11-12 03:28:35,-46.19,168.86,63.3,45,19,5.06,few clouds,0.0,0.0
28,Salalah,OM,2019-11-12 03:28:36,17.01,54.1,75.2,69,0,2.24,clear sky,0.0,0.0
29,Sola,TZ,2019-11-12 03:28:36,-3.17,33.8,67.21,79,20,5.44,few clouds,0.0,0.0
30,Tiksi,RU,2019-11-12 03:28:36,71.64,128.87,-7.01,90,96,5.59,overcast clouds,0.0,0.0
31,Clyde River,CA,2019-11-12 03:28:36,70.47,-68.59,14.0,92,90,28.86,light snow,0.0,0.0
32,Hue,VN,2019-11-12 03:28:37,16.47,107.58,86.0,74,40,9.17,scattered clouds,0.0,0.0
33,Nuuk,GL,2019-11-12 03:28:37,64.17,-51.74,30.2,100,100,12.75,snow,0.0,0.0
34,Shache,CN,2019-11-12 03:28:37,38.42,77.24,42.37,14,0,8.19,clear sky,0.0,0.0
35,San Policarpo,PH,2019-11-12 03:28:37,12.18,125.51,77.9,87,100,15.23,light rain,1.31,0.0
36,Inhambane,MZ,2019-11-12 03:28:37,-23.87,35.38,75.06,79,100,12.71,light rain,0.44,0.0
37,Rikitea,PF,2019-11-12 03:28:38,-23.12,-134.97,69.15,90,100,26.62,heavy intensity rain,29.44,0.0
38,Lata,IN,2019-11-12 03:28:38,30.78,78.62,34.95,26,100,3.78,overcast clouds,0.0,0.0
39,Mitsamiouli,KM,2019-11-12 03:28:38,-11.38,43.28,78.78,78,2,5.03,clear sky,0.0,0.0
40,Mogadishu,SO,2019-11-12 03:28:38,2.04,45.34,80.6,69,75,9.17,broken clouds,0.0,0.0
41,Qaanaaq,GL,2019-11-12 03:28:39,77.48,-69.36,4.8,54,0,2.98,clear sky,0.0,0.0
42,San Luis,AR,2019-11-12 03:26:02,-33.3,-66.34,78.44,43,100,9.44,overcast clouds,0.0,0.0
43,Albany,US,2019-11-12 03:27:20,42.65,-73.75,41.0,80,90,8.05,overcast clouds,0.0,0.0
44,Kodinsk,RU,2019-11-12 03:28:39,58.6,99.18,-5.25,89,100,8.81,light snow,0.0,0.13
45,Ayan,IR,2019-11-12 03:28:39,38.23,44.7,28.0,40,0,1.3,clear sky,0.0,0.0
46,Port Elizabeth,US,2019-11-12 03:28:39,39.31,-74.98,59.0,71,1,4.7,clear sky,0.0,0.0
47,Sao Filipe,CV,2019-11-12 03:28:40,14.9,-24.5,74.64,79,100,15.46,overcast clouds,0.0,0.0
48,Port Alfred,ZA,2019-11-12 03:28:40,-33.59,26.89,66.0,96,100,5.99,light rain,0.44,0.0
49,Atuona,PF,2019-11-12 03:28:40,-9.8,-139.03,80.1,64,0,3.31,clear sky,0.0,0.0
50,Victoria,BN,2019-11-12 03:24:05,5.28,115.24,89.6,66,75,9.17,broken clouds,0.0,0.0
51,Bredasdorp,ZA,2019-11-12 03:28:40,-34.53,20.04,63.0,93,100,13.87,light rain,1.81,0.0
52,Camacha,PT,2019-11-12 03:28:41,33.08,-16.33,68.0,88,40,14.99,scattered clouds,0.0,0.0
53,Arraial Do Cabo,BR,2019-11-12 03:28:41,-22.97,-42.02,71.6,88,90,5.82,overcast clouds,0.0,0.0
54,Kelvington,CA,2019-11-12 03:28:41,52.16,-103.52,-1.41,87,0,9.48,clear sky,0.0,0.0
55,Lebu,ET,2019-11-12 03:28:41,8.96,38.73,51.8,71,20,2.28,few clouds,0.0,0.0
56,Katsuura,JP,2019-11-12 03:28:41,33.93,134.5,68.0,52,40,12.75,scattered clouds,0.0,0.0
57,Mahebourg,MU,2019-11-12 03:28:42,-20.41,57.7,77.0,94,75,5.82,light intensity shower rain,0.0,0.0
58,Obo,CF,2019-11-12 03:28:42,5.39,26.49,68.85,84,88,1.86,light rain,0.19,0.0
59,Upernavik,GL,2019-11-12 03:28:42,72.79,-56.15,24.82,64,79,5.53,broken clouds,0.0,0.0
60,Geraldton,CA,2019-11-12 03:28:42,49.72,-86.95,-0.41,64,90,9.17,overcast clouds,0.0,0.0
61,Saint-Georges,CA,2019-11-12 03:28:42,46.12,-70.67,19.0,90,100,8.32,snow,0.0,3.63
62,Cidreira,BR,2019-11-12 03:28:43,-30.17,-50.22,69.06,83,62,28.43,light rain,1.19,0.0
63,Touros,BR,2019-11-12 03:28:43,-5.2,-35.46,75.2,83,20,3.36,few clouds,0.0,0.0
64,Cabo San Lucas,MX,2019-11-12 03:28:43,22.89,-109.91,73.99,78,90,5.82,overcast clouds,0.0,0.0
65,Aksarka,RU,2019-11-12 03:28:43,66.56,67.8,0.77,98,82,9.37,broken clouds,0.0,0.0
66,Warrington,GB,2019-11-12 03:28:43,53.39,-2.59,45.0,81,75,21.92,light intensity shower rain,0.0,0.0
67,Hamilton,CA,2019-11-12 03:24:22,43.26,-79.87,27.0,85,90,14.99,light snow,0.0,0.0
68,Maxixe,MZ,2019-11-12 03:28:44,-23.86,35.35,75.06,79,100,12.71,light rain,0.44,0.0
69,Nhulunbuy,AU,2019-11-12 03:28:44,-12.18,136.78,89.6,49,20,12.75,few clouds,0.0,0.0
70,La Rioja,AR,2019-11-12 03:26:24,-29.41,-66.86,68.94,68,100,4.07,light rain,1.69,0.0
71,Vaini,IN,2019-11-12 03:28:44,15.34,74.49,73.4,78,0,8.03,mist,0.0,0.0
72,Lorengau,PG,2019-11-12 03:28:44,-2.02,147.27,79.59,87,100,14.99,light rain,1.38,0.0
73,Hermanus,ZA,2019-11-12 03:28:45,-34.42,19.24,64.0,97,100,1.01,light rain,0.63,0.0
74,Saint-Philippe,CA,2019-11-12 03:28:45,45.36,-73.48,21.0,85,90,19.46,light snow,0.0,0.0
75,Kaman,TR,2019-11-12 03:28:45,39.36,33.73,49.44,53,0,3.31,clear sky,0.0,0.0
76,Filingue,NE,2019-11-12 03:28:45,14.35,3.32,81.3,18,60,6.93,broken clouds,0.0,0.0
77,Souillac,FR,2019-11-12 03:28:45,45.6,-0.6,44.6,93,97,4.7,overcast clouds,0.0,0.0
78,Port Macquarie,AU,2019-11-12 03:28:46,-31.43,152.91,90.0,30,90,13.87,overcast clouds,0.0,0.0
79,Nome,US,2019-11-12 03:28:46,30.04,-94.42,51.8,87,90,18.34,light intensity drizzle,0.0,0.0
80,Mangrol,IN,2019-11-12 03:28:46,25.33,76.51,74.7,52,0,5.41,clear sky,0.0,0.0
81,Port Hardy,CA,2019-11-12 03:28:46,50.7,-127.42,48.2,87,90,13.87,overcast clouds,0.0,0.0
82,Poum,MK,2019-11-12 03:28:46,41.28,20.71,43.36,84,100,6.78,overcast clouds,0.0,0.0
83,Oskarshamn,SE,2019-11-12 03:28:46,57.26,16.44,43.0,87,75,11.41,broken clouds,0.0,0.0
84,Bethel,US,2019-11-12 03:28:47,60.79,-161.76,39.2,86,90,5.82,overcast clouds,0.0,0.0
85,Saraza,PH,2019-11-12 03:28:47,8.74,117.78,82.2,73,68,0.85,broken clouds,0.0,0.0
86,Majene,ID,2019-11-12 03:28:47,-3.54,118.97,76.03,89,100,3.24,light rain,1.44,0.0
87,Hithadhoo,MV,2019-11-12 03:28:47,-0.6,73.08,82.04,79,57,12.75,light rain,0.44,0.0
88,San Ramon,NI,2019-11-12 03:28:47,12.92,-85.84,65.25,96,6,4.07,clear sky,0.0,0.0
89,Muyuka,CM,2019-11-12 03:28:47,4.29,9.41,78.8,94,75,3.36,broken clouds,0.0,0.0
90,Emerald,AU,2019-11-12 03:28:48,-23.53,148.16,93.2,18,0,9.17,clear sky,0.0,0.0
91,Kiruna,SE,2019-11-12 03:28:48,67.86,20.23,10.4,92,96,1.66,overcast clouds,0.0,0.0
92,Pontianak,ID,2019-11-12 03:28:48,-0.02,109.34,84.2,74,20,2.53,few clouds,0.0,0.0
93,Vao,EE,2019-11-12 03:28:49,59.1,26.19,32.11,94,3,3.38,clear sky,0.0,0.0
94,Vryburg,ZA,2019-11-12 03:28:49,-26.96,24.73,64.02,69,100,7.54,overcast clouds,0.0,0.0
95,Kavieng,PG,2019-11-12 03:28:49,-2.57,150.8,76.69,86,100,5.79,heavy intensity rain,14.81,0.0
96,Thompson,CA,2019-11-12 03:26:01,55.74,-97.86,-4.01,83,40,3.36,scattered clouds,0.0,0.0
97,Manokwari,ID,2019-11-12 03:28:49,-0.87,134.08,80.02,75,100,5.01,overcast clouds,0.0,0.0
98,Egvekinot,RU,2019-11-12 03:28:50,66.32,-179.17,22.19,94,90,12.93,overcast clouds,0.0,0.0
99,Zharkent,KZ,2019-11-12 03:28:50,44.17,80.0,36.1,72,0,11.88,clear sky,0.0,0.0
100,Bereda,ES,2019-11-12 03:28:50,43.27,-7.54,52.0,81,89,9.17,light rain,0.13,0.0
101,La Paz,MX,2019-11-12 03:28:20,24.15,-110.32,69.8,94,75,5.82,broken clouds,0.0,0.0
102,Bunia,CD,2019-11-12 03:28:50,1.56,30.25,68.85,90,100,2.37,light rain,2.19,0.0
103,Chokurdakh,RU,2019-11-12 03:28:51,70.62,147.9,8.98,95,100,4.76,light snow,0.0,0.81
104,Leningradskiy,RU,2019-11-12 03:28:51,69.38,178.42,27.99,96,99,11.74,light snow,0.0,0.31
105,Cayenne,GF,2019-11-12 03:28:51,4.94,-52.33,77.0,94,40,2.24,scattered clouds,0.0,0.0
106,Barrow,AR,2019-11-12 03:28:51,-38.31,-60.23,57.99,88,100,14.85,light rain,2.19,0.0
107,Mar Del Plata,AR,2019-11-12 03:28:51,-46.43,-67.52,52.23,82,0,9.89,clear sky,0.0,0.0
108,Vredendal,ZA,2019-11-12 03:28:51,-31.68,18.49,56.84,88,0,2.04,clear sky,0.0,0.0
109,Nanortalik,GL,2019-11-12 03:28:52,60.14,-45.24,34.36,86,100,11.86,light snow,0.0,1.44
110,Ostrovnoy,RU,2019-11-12 03:28:52,68.05,39.51,20.41,87,100,10.63,overcast clouds,0.0,0.0
111,Saldanha,PT,2019-11-12 03:28:52,41.42,-6.55,39.92,92,5,3.67,clear sky,0.0,0.0
112,Carnarvon,ZA,2019-11-12 03:28:52,-30.97,22.13,54.75,54,0,6.85,clear sky,0.0,0.0
113,Sao Joao Da Barra,BR,2019-11-12 03:28:53,-21.64,-41.05,71.51,89,100,10.74,moderate rain,10.56,0.0
114,Bambous Virieux,MU,2019-11-12 03:28:53,-20.34,57.76,77.0,94,75,5.82,light intensity shower rain,0.0,0.0
115,Zhezkazgan,KZ,2019-11-12 03:28:53,47.8,67.71,15.8,72,75,4.47,mist,0.0,0.0
116,Samana,EC,2019-11-12 03:28:53,0.12,-76.97,70.79,99,100,1.7,overcast clouds,0.0,0.0
117,Dagana,MR,2019-11-12 03:28:53,16.52,-15.51,77.0,29,0,2.24,clear sky,0.0,0.0
118,East London,ZA,2019-11-12 03:28:53,-33.02,27.91,66.2,100,90,14.99,light rain,0.0,0.0
119,Seoul,KR,2019-11-12 03:24:08,37.57,126.98,57.2,50,95,2.24,overcast clouds,0.0,0.0
120,Carutapera,BR,2019-11-12 03:28:54,-1.2,-46.02,80.98,79,0,12.75,clear sky,0.0,0.0
121,Komsomolskiy,RU,2019-11-12 03:28:54,67.55,63.78,-8.56,100,100,4.21,overcast clouds,0.0,0.0
122,Kloulklubed,PW,2019-11-12 03:28:54,7.04,134.26,86.0,70,75,11.41,broken clouds,0.0,0.0
123,Pevek,RU,2019-11-12 03:28:54,69.7,170.27,11.03,92,56,3.69,broken clouds,0.0,0.0
124,Ilulissat,GL,2019-11-12 03:28:55,69.22,-51.1,39.2,38,100,21.92,light snow,0.0,0.13
125,Ayr,AU,2019-11-12 03:28:55,-19.58,147.4,82.99,55,0,1.99,clear sky,0.0,0.0
126,Balvanesti,RO,2019-11-12 03:28:55,44.8,22.68,44.78,73,100,7.65,overcast clouds,0.0,0.0
127,Hare Bay,CA,2019-11-12 03:28:55,48.86,-53.99,24.8,73,20,12.75,few clouds,0.0,0.0
128,Santiago Del Estero,AR,2019-11-12 03:28:55,-27.8,-64.26,77.58,54,100,6.8,overcast clouds,0.0,0.0
129,Omboue,GA,2019-11-12 03:28:56,-1.57,9.26,73.56,98,100,3.11,moderate rain,3.19,0.0
130,Ponta Do Sol,BR,2019-11-12 03:28:56,-20.63,-46.0,67.37,91,100,7.36,overcast clouds,0.0,0.0
131,Flin Flon,CA,2019-11-12 03:28:56,54.77,-101.88,6.21,77,0,11.95,clear sky,0.0,0.0
132,Lavrentiya,RU,2019-11-12 03:28:56,65.58,-170.99,34.0,90,100,13.58,light rain,0.44,0.0
133,Kendari,ID,2019-11-12 03:28:56,-3.99,122.52,91.15,49,5,7.72,clear sky,0.0,0.0
134,Tasiilaq,GL,2019-11-12 03:28:56,65.61,-37.64,35.6,87,100,39.15,snow,0.0,2.38
135,Paramirim,BR,2019-11-12 03:28:57,-13.44,-42.24,66.81,51,5,4.97,clear sky,0.0,0.0
136,Praia Da Vitoria,PT,2019-11-12 03:28:57,38.73,-27.07,57.2,93,20,9.22,few clouds,0.0,0.0
137,Saskylakh,RU,2019-11-12 03:28:57,71.97,114.09,-14.77,93,43,6.6,scattered clouds,0.0,0.0
138,Vila,IT,2019-11-12 03:28:57,45.18,8.4,45.0,100,75,1.12,light rain,0.0,0.0
139,Butaritari,KI,2019-11-12 03:28:57,3.07,172.79,80.08,79,100,9.06,overcast clouds,0.0,0.0
140,Half Moon Bay,US,2019-11-12 03:28:57,37.46,-122.43,66.99,45,40,10.29,scattered clouds,0.0,0.0
141,Mungaoli,IN,2019-11-12 03:28:58,24.41,78.09,73.63,49,0,5.44,clear sky,0.0,0.0
142,Samarkand,UZ,2019-11-12 03:28:58,39.65,66.98,35.6,59,0,9.17,mist,0.0,0.0
143,Atagay,RU,2019-11-12 03:28:58,55.1,99.39,4.93,77,100,13.51,light snow,0.0,0.19
144,Ventspils,LV,2019-11-12 03:28:58,57.39,21.56,35.6,100,75,6.93,broken clouds,0.0,0.0
145,Camocim,BR,2019-11-12 03:28:59,-2.9,-40.84,74.71,81,24,6.44,few clouds,0.0,0.0
146,Bluff,AU,2019-11-12 03:28:59,-23.58,149.07,91.38,19,0,5.28,clear sky,0.0,0.0
147,Lyskovo,RU,2019-11-12 03:28:59,56.03,45.04,42.01,95,100,11.12,overcast clouds,0.0,0.0
148,Vanavara,RU,2019-11-12 03:28:59,60.35,102.28,-13.49,93,100,8.08,overcast clouds,0.0,0.0
149,Puerto Ayacucho,CO,2019-11-12 03:29:00,5.66,-67.63,73.96,95,86,2.08,overcast clouds,0.0,0.0
150,Severo-Kurilsk,RU,2019-11-12 03:29:00,50.68,156.12,34.77,77,32,4.68,scattered clouds,0.0,0.0
151,Comodoro Rivadavia,AR,2019-11-12 03:29:00,-45.87,-67.48,51.8,93,40,7.7,fog,0.0,0.0
152,Tuatapere,NZ,2019-11-12 03:29:00,-46.13,167.69,64.45,39,100,1.32,overcast clouds,0.0,0.0
153,Pangnirtung,CA,2019-11-12 03:29:00,66.15,-65.72,16.95,76,100,5.46,overcast clouds,0.0,0.0
154,Mansa,IN,2019-11-12 03:29:01,23.43,72.66,77.0,78,0,4.7,mist,0.0,0.0
155,Xinzhi,TW,2019-11-12 03:29:01,22.54,120.62,82.4,45,20,6.93,few clouds,0.0,0.0
156,Lumphat,KH,2019-11-12 03:29:01,13.5,106.97,70.12,96,100,3.27,overcast clouds,0.0,0.0
157,Narok,KE,2019-11-12 03:29:01,-1.09,35.87,54.41,90,94,4.68,overcast clouds,0.0,0.0
158,Luanda,AO,2019-11-12 03:29:02,-8.83,13.24,80.6,78,75,3.36,broken clouds,0.0,0.0
159,Hayden,US,2019-11-12 03:24:46,47.77,-116.79,39.99,59,40,6.93,scattered clouds,0.0,0.0
160,Provideniya,RU,2019-11-12 03:29:02,64.42,-173.23,37.4,98,75,17.9,light rain,0.0,0.0
161,Santa Fe,AR,2019-11-12 03:29:02,-31.62,-60.7,73.99,70,57,3.0,broken clouds,0.0,0.0
162,Mahajanga,MG,2019-11-12 03:29:02,-15.72,46.32,80.6,88,20,2.24,few clouds,0.0,0.0
163,Yumen,CN,2019-11-12 03:29:02,40.29,97.04,33.06,58,100,24.9,overcast clouds,0.0,0.0
164,Parana,BR,2019-11-12 03:29:03,-7.52,-72.89,71.13,96,55,2.1,broken clouds,0.0,0.0
165,Takoradi,GH,2019-11-12 03:29:03,4.89,-1.75,79.83,84,48,8.03,scattered clouds,0.0,0.0
166,Kovdor,RU,2019-11-12 03:29:03,67.56,30.47,17.26,94,100,8.72,light snow,0.0,0.69
167,Yomou,GN,2019-11-12 03:29:03,7.57,-9.26,70.99,99,38,0.63,scattered clouds,0.0,0.0
168,San Quintin,PH,2019-11-12 03:29:03,17.54,120.52,83.5,64,67,4.07,broken clouds,0.0,0.0
169,Dikson,RU,2019-11-12 03:29:03,73.51,80.55,3.63,92,56,5.79,broken clouds,0.0,0.0
170,Faanui,PF,2019-11-12 03:29:04,-16.48,-151.75,78.78,80,1,16.82,light rain,0.5,0.0
171,Praia,BR,2019-11-12 03:29:04,-20.25,-43.81,75.2,60,83,12.75,light rain,0.38,0.0
172,Carnduff,CA,2019-11-12 03:29:04,49.17,-101.8,-1.0,84,0,3.0,clear sky,0.0,0.0
173,Jackson,US,2019-11-12 03:29:04,43.48,-110.76,28.4,50,1,3.36,clear sky,0.0,0.0
174,Dali,CN,2019-11-12 03:29:04,34.79,109.94,63.28,26,3,2.64,clear sky,0.0,0.0
175,Kununurra,AU,2019-11-12 03:29:05,-15.77,128.74,102.2,17,12,8.05,few clouds,0.0,0.0
176,Bohicon,BJ,2019-11-12 03:29:05,7.18,2.07,74.39,97,51,3.83,broken clouds,0.0,0.0
177,Srednekolymsk,RU,2019-11-12 03:29:05,67.46,153.71,-0.24,90,84,6.17,broken clouds,0.0,0.0
178,Zaysan,KZ,2019-11-12 03:29:05,47.47,84.87,17.28,59,58,3.02,broken clouds,0.0,0.0
179,Husavik,CA,2019-11-12 03:29:05,50.56,-96.99,3.0,84,0,4.0,clear sky,0.0,0.0
180,Sisimiut,GL,2019-11-12 03:29:05,66.94,-53.67,25.92,65,89,2.28,overcast clouds,0.0,0.0
181,Okmulgee,US,2019-11-12 03:29:06,35.62,-95.96,25.0,53,1,10.29,clear sky,0.0,0.0
182,Luderitz,NA,2019-11-12 03:29:06,-26.65,15.16,60.8,82,0,8.05,clear sky,0.0,0.0
183,Xuddur,SO,2019-11-12 03:29:06,4.12,43.89,69.4,92,40,7.7,scattered clouds,0.0,0.0
184,Puerto Ayora,EC,2019-11-12 03:29:06,-0.74,-90.35,70.0,87,0,5.99,clear sky,0.0,0.0
185,Aloleng,PH,2019-11-12 03:29:06,16.13,119.78,85.03,69,97,1.1,overcast clouds,0.0,0.0
186,Bonfim,GY,2019-11-12 03:29:06,3.36,-59.84,83.79,61,17,6.29,light rain,0.13,0.0
187,Le Port,FR,2019-11-12 03:29:07,42.87,1.37,45.0,72,79,5.01,light rain,0.56,0.0
188,Kargasok,RU,2019-11-12 03:29:07,59.06,80.87,14.14,92,100,16.58,snow,0.0,2.19
189,Castro,CL,2019-11-12 03:29:07,-42.48,-73.76,50.0,93,10,4.7,clear sky,0.0,0.0
190,Poronaysk,RU,2019-11-12 03:29:07,49.22,143.1,38.71,59,23,17.49,few clouds,0.0,0.0
191,Nenjiang,CN,2019-11-12 03:29:07,49.17,125.23,19.29,56,0,5.84,clear sky,0.0,0.0
192,Yeppoon,AU,2019-11-12 03:29:07,-23.13,150.74,93.2,26,0,5.82,clear sky,0.0,0.0
193,Airai,TL,2019-11-12 03:29:08,-8.93,125.41,89.24,24,0,7.78,clear sky,0.0,0.0
194,Mount Gambier,AU,2019-11-12 03:29:08,-37.83,140.78,59.0,51,75,27.51,broken clouds,0.0,0.0
195,Alofi,NU,2019-11-12 03:29:08,-19.06,-169.92,80.6,69,75,5.82,broken clouds,0.0,0.0
196,Pisco,PE,2019-11-12 03:26:31,-13.71,-76.2,64.4,88,90,11.41,overcast clouds,0.0,0.0
197,Sierra Vista,US,2019-11-12 03:28:51,31.55,-110.3,64.99,59,90,9.17,overcast clouds,0.0,0.0
198,Caravelas,BR,2019-11-12 03:29:09,-17.73,-39.27,70.93,94,0,5.64,clear sky,0.0,0.0
199,Aksu,KZ,2019-11-12 03:29:09,52.04,76.93,23.0,67,100,13.42,overcast clouds,0.0,0.0
200,Tautira,PF,2019-11-12 03:29:09,-17.73,-149.15,84.2,62,40,9.17,scattered clouds,0.0,0.0
201,Ubud,ID,2019-11-12 03:29:09,-8.51,115.26,87.8,66,40,9.17,scattered clouds,0.0,0.0
202,Georgetown,GY,2019-11-12 03:25:34,6.8,-58.16,77.0,100,20,2.24,few clouds,0.0,0.0
203,Abha,SA,2019-11-12 03:29:10,18.22,42.5,57.2,47,0,11.41,clear sky,0.0,0.0
204,Faya,SA,2019-11-12 03:29:10,18.39,42.45,57.2,47,0,11.41,clear sky,0.0,0.0
205,Pavilosta,LV,2019-11-12 03:29:10,56.89,21.19,35.6,100,57,6.93,broken clouds,0.0,0.0
206,Esperance,AU,2019-11-12 03:29:10,-33.86,121.89,66.2,42,75,12.75,broken clouds,0.0,0.0
207,Cefalu,IT,2019-11-12 03:29:11,38.04,14.02,62.01,95,100,1.99,light rain,2.94,0.0
208,Conil,FR,2019-11-12 03:29:11,44.97,3.72,26.46,97,37,2.57,scattered clouds,0.0,0.0
209,Vostok,RU,2019-11-12 03:29:11,46.45,135.83,23.7,80,100,10.38,light snow,0.0,0.25
210,Abashiri,JP,2019-11-12 03:29:11,44.01,144.25,48.2,87,75,2.24,broken clouds,0.0,0.0
211,Port Blair,IN,2019-11-12 03:29:12,11.67,92.75,84.2,74,20,9.17,few clouds,0.0,0.0
212,Belyy Yar,RU,2019-11-12 03:29:12,53.6,91.39,8.6,65,26,6.71,scattered clouds,0.0,0.0
213,Thinadhoo,MV,2019-11-12 03:29:12,0.53,72.93,82.33,78,72,11.01,broken clouds,0.0,0.0
214,Medeiros Neto,BR,2019-11-12 03:29:12,-17.37,-40.22,71.47,85,0,11.14,clear sky,0.0,0.0
215,Cherskiy,RU,2019-11-12 03:29:13,68.75,161.3,20.1,78,90,3.53,overcast clouds,0.0,0.0
216,Phalodi,IN,2019-11-12 03:29:13,27.13,72.36,76.35,29,90,6.24,overcast clouds,0.0,0.0
217,Narsaq,GL,2019-11-12 03:29:13,60.91,-46.05,28.4,79,100,11.18,light snow,0.0,0.0
218,Portland,US,2019-11-12 03:29:13,43.66,-70.25,34.0,98,90,10.29,light intensity drizzle,0.0,0.0
219,Quatre Cocos,MU,2019-11-12 03:29:13,-20.21,57.76,77.0,94,75,5.82,light intensity shower rain,0.0,0.0
220,Karnobat,BG,2019-11-12 03:29:14,42.65,26.98,59.0,100,75,5.82,mist,0.0,0.0
221,Broadstairs,GB,2019-11-12 03:29:14,51.36,1.44,42.01,80,67,12.75,light rain,0.5,0.0
222,Ahuimanu,US,2019-11-12 03:29:14,21.44,-157.84,82.4,65,40,5.82,moderate rain,0.0,0.0
223,Porto Belo,BR,2019-11-12 03:29:14,-27.15,-48.54,71.6,83,75,12.75,light rain,0.0,0.0
224,Edgewater,US,2019-11-12 03:29:15,28.99,-80.9,73.0,88,75,3.2,broken clouds,0.0,0.0
225,Nioro,GM,2019-11-12 03:29:15,13.79,-15.05,78.46,22,0,1.54,clear sky,0.0,0.0
226,Maragogi,BR,2019-11-12 03:29:15,-9.01,-35.22,78.13,78,52,11.7,broken clouds,0.0,0.0
227,Henties Bay,NA,2019-11-12 03:29:15,-22.12,14.28,57.99,95,0,3.0,clear sky,0.0,0.0
228,San Cristobal,HN,2019-11-12 03:29:15,14.68,-86.92,66.09,91,15,2.08,light rain,0.25,0.0
229,Shevchenkove,UA,2019-11-12 03:29:15,49.7,37.18,46.4,100,90,2.24,fog,0.0,0.0
230,Normandin,CA,2019-11-12 03:29:16,48.84,-72.53,14.0,78,90,5.82,heavy snow,0.0,0.0
231,Mehran,IR,2019-11-12 03:29:16,33.12,46.17,41.0,52,0,6.93,clear sky,0.0,0.0
232,Te Anau,NZ,2019-11-12 03:29:16,-45.41,167.72,54.93,68,99,8.14,overcast clouds,0.0,0.0
233,Saint Anthony,US,2019-11-12 03:29:16,43.97,-111.68,26.6,45,1,3.89,clear sky,0.0,0.0
234,Iquitos,PE,2019-11-12 03:29:16,-3.75,-73.25,75.2,94,90,3.36,light intensity drizzle,0.0,0.0
235,Awjilah,LY,2019-11-12 03:29:16,29.14,21.3,70.9,31,100,11.97,overcast clouds,0.0,0.0
236,Beloha,MG,2019-11-12 03:29:17,-25.17,45.06,71.55,78,99,14.85,overcast clouds,0.0,0.0
237,Denpasar,ID,2019-11-12 03:27:22,-8.65,115.22,87.8,66,40,9.17,scattered clouds,0.0,0.0
238,Moindou,NC,2019-11-12 03:29:17,-21.69,165.68,80.6,42,20,16.11,few clouds,0.0,0.0
239,Karatau,KZ,2019-11-12 03:29:18,43.18,70.46,34.0,74,0,1.99,clear sky,0.0,0.0
240,Rocha,UY,2019-11-12 03:29:18,-34.48,-54.34,54.36,94,31,9.86,scattered clouds,0.0,0.0
241,Tazovskiy,RU,2019-11-12 03:29:18,67.47,78.7,-2.6,84,100,7.34,overcast clouds,0.0,0.0
242,Hilton Head Island,US,2019-11-12 03:29:18,32.16,-80.75,66.99,82,75,4.7,broken clouds,0.0,0.0
243,Turukhansk,RU,2019-11-12 03:29:18,65.8,87.96,-3.7,99,100,3.98,light snow,0.0,0.25
244,Bushehr,IR,2019-11-12 03:29:19,28.97,50.84,71.6,77,0,1.92,clear sky,0.0,0.0
245,Rawson,AR,2019-11-12 03:29:19,-43.3,-65.11,55.6,85,91,0.54,overcast clouds,0.0,0.0
246,Pangody,RU,2019-11-12 03:29:19,65.85,74.49,2.14,96,100,11.12,light snow,0.0,0.44
247,Sawtell,AU,2019-11-12 03:29:19,-30.38,153.1,96.8,61,90,21.92,overcast clouds,0.0,0.0
248,Awash,ET,2019-11-12 03:29:20,8.99,40.17,65.34,68,100,2.24,overcast clouds,0.0,0.0
249,Kaitangata,NZ,2019-11-12 03:29:20,-46.28,169.85,57.0,66,41,10.0,scattered clouds,0.0,0.0
250,Zonguldak,TR,2019-11-12 03:29:20,41.25,31.83,51.75,53,12,5.35,few clouds,0.0,0.0
251,Mala Tokmachka,UA,2019-11-12 03:29:20,47.53,35.9,50.0,100,90,2.24,fog,0.0,0.0
252,Santa Vitoria Do Palmar,BR,2019-11-12 03:29:21,-33.52,-53.37,60.82,80,11,11.41,few clouds,0.0,0.0
253,Hobyo,SO,2019-11-12 03:29:21,5.35,48.53,76.82,80,7,11.23,clear sky,0.0,0.0
254,Yuksekova,TR,2019-11-12 03:29:21,37.57,44.29,33.8,64,0,6.93,clear sky,0.0,0.0
255,Mineral Wells,US,2019-11-12 03:29:21,32.81,-98.11,32.0,54,1,24.16,clear sky,0.0,0.0
256,Sukumo,JP,2019-11-12 03:29:21,32.94,132.72,65.3,57,0,12.77,clear sky,0.0,0.0
257,Tateyama,JP,2019-11-12 03:29:21,36.66,137.31,64.99,51,40,6.93,light intensity shower rain,0.0,0.0
258,Rudnogorsk,RU,2019-11-12 03:29:22,57.27,103.75,-4.4,86,100,8.43,overcast clouds,0.0,0.0
259,San Pedro,AR,2019-11-12 03:29:22,-33.68,-59.66,66.99,75,0,3.0,clear sky,0.0,0.0
260,Kodiak,US,2019-11-12 03:29:22,39.95,-94.76,15.8,61,1,12.75,clear sky,0.0,0.0
261,Lahaina,US,2019-11-12 03:25:53,20.87,-156.68,80.6,69,40,13.87,light rain,0.0,0.0
262,Ammon,US,2019-11-12 03:29:23,43.47,-111.97,26.6,44,1,2.26,clear sky,0.0,0.0
263,Mitu,IR,2019-11-12 03:29:23,36.2,46.09,35.73,32,0,5.59,clear sky,0.0,0.0
264,Bazarnyy Syzgan,RU,2019-11-12 03:29:23,53.75,46.75,32.34,96,58,7.09,broken clouds,0.0,0.0
265,Laguna,BZ,2019-11-12 03:29:23,16.17,-88.94,77.0,94,75,0.85,broken clouds,0.0,0.0
266,Preeceville,CA,2019-11-12 03:29:23,51.95,-102.67,-1.83,87,0,9.55,clear sky,0.0,0.0
267,Ponazyrevo,RU,2019-11-12 03:29:23,58.36,46.31,34.48,96,99,9.44,overcast clouds,0.0,0.0
268,Vilyuysk,RU,2019-11-12 03:29:24,63.75,121.63,-11.98,90,100,6.93,overcast clouds,0.0,0.0
269,Sigli,ID,2019-11-12 03:29:24,5.38,95.96,81.43,70,100,2.59,overcast clouds,0.0,0.0
270,Humaita,AR,2019-11-12 03:29:24,-24.93,-65.37,73.4,77,100,4.09,overcast clouds,0.0,0.0
271,Batagay-Alyta,RU,2019-11-12 03:29:24,67.8,130.41,-3.09,94,100,4.43,overcast clouds,0.0,0.0
272,Limon,US,2019-11-12 03:29:24,39.26,-103.69,19.99,84,1,4.7,clear sky,0.0,0.0
273,Bathsheba,BB,2019-11-12 03:29:25,13.22,-59.52,82.4,78,75,16.11,shower rain,0.0,0.0
274,Sanjwal,PK,2019-11-12 03:29:25,33.76,72.43,59.0,87,75,4.7,smoke,0.0,0.0
275,Kars,TR,2019-11-12 03:29:25,40.61,43.1,17.6,85,78,3.36,broken clouds,0.0,0.0
276,West Plains,US,2019-11-12 03:29:25,36.73,-91.85,25.0,79,75,12.75,broken clouds,0.0,0.0
277,Lypcha,UA,2019-11-12 03:29:25,48.26,23.37,46.99,75,100,8.05,overcast clouds,0.0,0.0
278,Marsh Harbour,BS,2019-11-12 03:29:26,26.54,-77.06,77.52,70,0,15.41,clear sky,0.0,0.0
279,Leshukonskoye,RU,2019-11-12 03:29:26,64.9,45.76,17.1,85,100,9.66,overcast clouds,0.0,0.0
280,Soyo,AO,2019-11-12 03:29:26,-6.13,12.37,77.99,85,94,2.89,light rain,0.13,0.0
281,College,US,2019-11-12 03:29:27,64.86,-147.8,24.8,79,90,3.27,overcast clouds,0.0,0.0
282,Oeiras Do Para,BR,2019-11-12 03:29:27,-2.0,-49.85,77.72,81,18,4.14,few clouds,0.0,0.0
283,Norman Wells,CA,2019-11-12 03:29:27,65.28,-126.83,21.2,79,75,10.29,light snow,0.0,0.0
284,Bay Roberts,CA,2019-11-12 03:29:27,47.58,-53.28,39.99,86,75,10.29,broken clouds,0.0,0.0
285,Platanos,GR,2019-11-12 03:29:27,35.47,23.6,75.0,53,40,16.11,scattered clouds,0.0,0.0
286,Guerrero Negro,MX,2019-11-12 03:29:28,27.97,-114.04,63.03,86,0,11.77,clear sky,0.0,0.0
287,Papillion,US,2019-11-12 03:29:02,41.15,-96.04,14.0,61,1,5.82,clear sky,0.0,0.0
288,Nanakuli,US,2019-11-12 03:29:28,21.39,-158.15,82.4,100,90,6.2,moderate rain,0.0,0.0
289,Narrabri,AU,2019-11-12 03:29:28,-30.33,149.78,95.0,6,0,19.46,clear sky,0.0,0.0
290,Lompoc,US,2019-11-12 03:29:28,34.64,-120.46,57.99,93,75,4.14,broken clouds,0.0,0.0
291,Biryusinsk,RU,2019-11-12 03:29:29,55.96,97.82,4.95,75,100,12.57,overcast clouds,0.0,0.0
292,Ambanja,MG,2019-11-12 03:29:29,-13.68,48.45,73.4,100,75,2.91,broken clouds,0.0,0.0
293,Shimoda,JP,2019-11-12 03:29:29,34.7,138.93,69.8,64,20,6.93,few clouds,0.0,0.0
294,Boddam,GB,2019-11-12 03:29:29,57.47,-1.78,46.99,93,75,5.82,light rain,0.0,0.0
295,Wangqing,CN,2019-11-12 03:29:30,43.31,129.76,37.71,25,0,4.36,clear sky,0.0,0.0
296,Nowy Dwor Mazowiecki,PL,2019-11-12 03:29:30,52.43,20.72,43.0,93,75,9.17,broken clouds,0.0,0.0
297,Nikolskoye,RU,2019-11-12 03:29:30,59.7,30.79,35.6,93,90,15.66,overcast clouds,0.0,0.0
298,Torbay,CA,2019-11-12 03:29:30,47.66,-52.73,39.99,86,75,10.29,broken clouds,0.0,0.0
299,Tigil,RU,2019-11-12 03:29:30,57.8,158.67,30.63,88,81,10.02,broken clouds,0.0,0.0
300,Lingao,CN,2019-11-12 03:29:30,19.91,109.69,77.27,86,100,17.52,light rain,1.75,0.0
301,Road Town,VG,2019-11-12 03:29:31,18.42,-64.62,81.0,74,1,5.82,clear sky,0.0,0.0
302,Mazatlan,MX,2019-11-12 03:25:17,23.22,-106.42,82.0,54,90,4.7,overcast clouds,0.0,0.0
303,Wanning,AT,2019-11-12 03:29:31,48.64,13.53,39.99,86,75,4.7,broken clouds,0.0,0.0
304,Kyabram,AU,2019-11-12 03:29:31,-36.31,145.05,71.01,27,0,18.99,clear sky,0.0,0.0
305,Santa Engracia,ES,2019-11-12 03:29:31,41.94,-1.32,46.99,75,75,10.29,broken clouds,0.0,0.0
306,Grand Gaube,MU,2019-11-12 03:29:31,-20.01,57.66,77.0,94,75,5.82,light intensity shower rain,0.0,0.0
307,Itupiranga,BR,2019-11-12 03:29:32,-5.13,-49.33,80.6,88,28,2.24,scattered clouds,0.0,0.0
308,Kirakira,SB,2019-11-12 03:29:32,-10.46,161.92,83.23,70,78,11.72,light rain,0.19,0.0
309,Ranot,TH,2019-11-12 03:29:32,7.78,100.32,82.11,65,100,6.82,overcast clouds,0.0,0.0
310,Zhoucheng,CN,2019-11-12 03:29:32,31.35,119.33,66.2,37,96,8.95,overcast clouds,0.0,0.0
311,Acapulco,MX,2019-11-12 03:29:32,16.86,-99.88,84.2,79,40,4.7,scattered clouds,0.0,0.0
312,Pouebo,NC,2019-11-12 03:29:33,-20.4,164.57,82.89,32,60,3.67,broken clouds,0.0,0.0
313,Kieta,PG,2019-11-12 03:29:33,-6.22,155.63,83.97,69,60,9.57,broken clouds,0.0,0.0
314,Majholi,IN,2019-11-12 03:29:33,23.5,79.93,66.2,72,0,4.7,haze,0.0,0.0
315,Dudinka,RU,2019-11-12 03:29:33,69.41,86.18,1.4,84,40,6.71,light snow,0.0,0.0
316,Yenagoa,NG,2019-11-12 03:29:33,4.92,6.26,73.92,94,74,1.72,broken clouds,0.0,0.0
317,Port Augusta,AU,2019-11-12 03:29:33,-32.49,137.76,66.0,48,36,24.16,scattered clouds,0.0,0.0
318,Kolpashevo,RU,2019-11-12 03:29:34,58.31,82.9,13.28,91,100,14.54,light snow,0.0,1.19
319,Birao,CF,2019-11-12 03:29:34,10.3,22.78,71.13,26,100,4.9,overcast clouds,0.0,0.0
320,Krasnoborsk,RU,2019-11-12 03:29:34,61.56,45.93,35.02,99,100,4.16,moderate rain,3.88,0.0
321,Williston,US,2019-11-12 03:29:34,48.15,-103.62,6.01,84,1,3.36,clear sky,0.0,0.0
322,Ribeira Grande,PT,2019-11-12 03:29:34,38.52,-28.7,60.53,84,17,7.9,few clouds,0.0,0.0
323,Ewa Beach,US,2019-11-12 03:29:34,21.32,-158.01,82.4,78,75,10.29,moderate rain,0.0,0.0
324,Kaili,ID,2019-11-12 03:29:35,-3.46,120.21,65.35,94,100,2.37,moderate rain,3.56,0.0
325,Martapura,ID,2019-11-12 03:29:35,-3.41,114.85,87.8,70,40,6.93,scattered clouds,0.0,0.0
326,Biryukove,UA,2019-11-12 03:29:35,47.96,39.74,44.6,100,90,4.47,fog,0.0,0.0
327,Omsukchan,RU,2019-11-12 03:29:35,62.53,155.8,4.87,94,100,3.58,overcast clouds,0.0,0.0
328,Jalu,LY,2019-11-12 03:29:35,29.03,21.55,70.9,31,100,11.97,overcast clouds,0.0,0.0
329,Coahuayana,MX,2019-11-12 03:29:36,18.62,-100.35,74.23,82,0,2.77,clear sky,0.0,0.0
330,Kankon,IN,2019-11-12 03:29:36,15.02,74.02,80.6,74,0,4.7,haze,0.0,0.0
331,Moroni,GR,2019-11-12 03:29:36,35.09,24.92,75.0,59,20,6.93,few clouds,0.0,0.0
332,Jala,PK,2019-11-12 03:29:36,33.36,71.93,65.25,35,91,3.33,overcast clouds,0.0,0.0
333,Evensk,RU,2019-11-12 03:29:36,61.92,159.24,27.66,96,100,4.65,light snow,0.0,0.63
334,Awbari,LY,2019-11-12 03:29:36,26.59,12.77,55.06,41,63,13.98,broken clouds,0.0,0.0
335,Barcelona,ES,2019-11-12 03:24:54,41.38,2.18,52.0,70,20,10.29,few clouds,0.0,0.0
336,Watrous,CA,2019-11-12 03:29:37,51.67,-105.46,8.26,86,52,14.05,broken clouds,0.0,0.0
337,Bonavista,CA,2019-11-12 03:29:37,48.65,-53.11,36.0,83,29,13.0,scattered clouds,0.0,0.0
338,Lasa,CY,2019-11-12 03:29:37,34.92,32.53,73.4,42,0,6.93,clear sky,0.0,0.0
339,Quthing,LS,2019-11-12 03:29:37,-30.4,27.7,55.51,85,81,1.43,light rain,0.38,0.0
340,Mnogovershinnyy,RU,2019-11-12 03:29:37,53.94,139.92,30.65,98,100,3.31,snow,0.0,2.94
341,Gat,SN,2019-11-12 03:29:38,14.69,-16.54,77.0,44,57,9.42,broken clouds,0.0,0.0
342,Boyolangu,ID,2019-11-12 03:29:38,-8.09,111.9,88.74,51,81,7.92,broken clouds,0.0,0.0
343,Hit,IQ,2019-11-12 03:29:38,33.64,42.83,64.11,25,21,5.75,few clouds,0.0,0.0
344,Laje,BR,2019-11-12 03:29:38,-13.18,-39.42,66.69,99,31,3.71,scattered clouds,0.0,0.0
345,Najran,SA,2019-11-12 03:29:38,17.54,44.22,60.8,48,0,3.09,clear sky,0.0,0.0
346,Taltal,CL,2019-11-12 03:29:38,-25.41,-70.49,55.69,84,84,2.57,broken clouds,0.0,0.0
347,Domazlice,CZ,2019-11-12 03:29:39,49.44,12.93,36.0,100,100,3.36,light rain,0.0,0.0
348,Raudeberg,NO,2019-11-12 03:29:39,61.99,5.14,33.8,47,64,5.82,broken clouds,0.0,0.0
349,Ha Tinh,VN,2019-11-12 03:27:49,18.33,105.9,75.38,73,87,12.46,overcast clouds,0.0,0.0
350,Tura,RU,2019-11-12 03:29:39,64.27,100.22,-21.59,93,81,3.42,broken clouds,0.0,0.0
351,Shenjiamen,CN,2019-11-12 03:29:40,29.96,122.3,67.1,59,78,10.02,broken clouds,0.0,0.0
352,Naliya,IN,2019-11-12 03:29:40,23.26,68.83,77.54,42,0,5.32,clear sky,0.0,0.0
353,Isla Mujeres,MX,2019-11-12 03:29:40,21.23,-86.73,77.0,100,75,3.36,broken clouds,0.0,0.0
354,Kayerkan,RU,2019-11-12 03:29:40,69.35,87.76,1.4,84,40,6.71,light snow,0.0,0.0
355,Moree,AU,2019-11-12 03:29:40,-29.46,149.84,96.8,6,0,18.34,clear sky,0.0,0.0
356,Luwingu,ZM,2019-11-12 03:29:40,-10.26,29.92,68.49,61,0,3.87,clear sky,0.0,0.0
357,Jinhua,CN,2019-11-12 03:27:32,29.11,119.65,66.99,39,97,2.84,overcast clouds,0.0,0.0
358,Pangai,TO,2019-11-12 03:29:41,-19.8,-174.35,75.2,88,75,9.17,broken clouds,0.0,0.0
359,Shasta Lake,US,2019-11-12 03:29:41,40.68,-122.36,73.4,33,1,5.82,clear sky,0.0,0.0
360,Noumea,NC,2019-11-12 03:29:41,-22.28,166.46,80.6,42,20,16.11,few clouds,0.0,0.0
361,Viedma,AR,2019-11-12 03:29:41,-40.81,-62.99,60.69,91,100,12.28,light rain,0.63,0.0
362,Weihe,CN,2019-11-12 03:29:41,32.99,105.33,49.26,87,100,1.81,overcast clouds,0.0,0.0
363,San Patricio,PY,2019-11-12 03:29:42,-26.98,-56.83,71.82,87,76,5.66,broken clouds,0.0,0.0
364,Lahad Datu,MY,2019-11-12 03:29:42,5.02,118.33,86.68,64,100,5.53,overcast clouds,0.0,0.0
365,Radford,US,2019-11-12 03:29:42,37.13,-80.58,57.0,58,75,4.7,broken clouds,0.0,0.0
366,Northam,AU,2019-11-12 03:29:42,-31.65,116.67,77.0,27,0,16.11,clear sky,0.0,0.0
367,Chippewa Falls,US,2019-11-12 03:25:02,44.94,-91.39,9.0,60,1,13.87,clear sky,0.0,0.0
368,Ploemeur,FR,2019-11-12 03:27:08,47.73,-3.43,50.0,87,90,5.82,light rain,0.5,0.0
369,Pacific Grove,US,2019-11-12 03:29:43,36.62,-121.92,66.2,76,1,2.17,clear sky,0.0,0.0
370,Coruripe,BR,2019-11-12 03:29:43,-10.12,-36.18,77.22,81,25,13.02,scattered clouds,0.0,0.0
371,Manacapuru,BR,2019-11-12 03:29:43,-3.3,-60.62,77.0,94,75,3.36,broken clouds,0.0,0.0
372,Vaitape,PF,2019-11-12 03:29:43,-16.52,-151.75,78.78,80,1,16.82,light rain,0.5,0.0
373,Port Lincoln,AU,2019-11-12 03:29:43,-34.72,135.86,58.8,50,91,18.37,overcast clouds,0.0,0.0
374,Darhan,MN,2019-11-12 03:29:43,49.49,105.92,9.54,47,100,15.7,overcast clouds,0.0,0.0
375,Vila Franca Do Campo,PT,2019-11-12 03:29:44,37.72,-25.43,60.8,82,20,3.36,few clouds,0.0,0.0
376,Lerwick,GB,2019-11-12 03:29:44,60.15,-1.15,41.0,86,100,28.86,light rain,0.0,0.0
377,Ugoofaaru,MV,2019-11-12 03:29:44,5.67,73.0,83.43,70,6,7.34,clear sky,0.0,0.0
378,Kruisfontein,ZA,2019-11-12 03:29:44,-34.0,24.73,63.66,94,100,9.31,light rain,0.69,0.0
379,Pasni,PK,2019-11-12 03:29:44,25.26,63.48,67.48,23,0,27.92,clear sky,0.0,0.0
380,Maniitsoq,GL,2019-11-12 03:29:45,65.42,-52.9,31.64,82,100,6.55,light snow,0.0,1.38
381,Ca Mau,VN,2019-11-12 03:25:23,9.18,105.15,87.46,64,0,1.23,clear sky,0.0,0.0
382,Muros,ES,2019-11-12 03:29:45,42.77,-9.06,52.0,100,75,1.12,light rain,0.0,0.0
383,Sarankhola,BD,2019-11-12 03:29:45,22.31,89.79,78.06,78,0,4.12,clear sky,0.0,0.0
384,Huilong,CN,2019-11-12 03:29:45,31.15,106.5,61.54,70,100,2.17,overcast clouds,0.0,0.0
385,Karasjok,NO,2019-11-12 03:29:45,69.47,25.52,6.8,77,100,32.21,light snow,0.0,0.0
386,Hambantota,LK,2019-11-12 03:29:46,6.12,81.12,80.6,94,40,3.36,scattered clouds,0.0,0.0
387,Hong Gai,VN,2019-11-12 03:29:46,20.96,107.09,77.0,78,75,5.82,broken clouds,0.0,0.0
388,Muhos,FI,2019-11-12 03:29:46,64.81,26.0,26.6,92,90,3.36,overcast clouds,0.0,0.0
389,Chicama,PE,2019-11-12 03:29:46,-7.84,-79.15,64.4,82,90,8.05,mist,0.0,0.0
390,Foam Lake,CA,2019-11-12 03:29:46,51.65,-103.53,3.88,83,6,15.79,clear sky,0.0,0.0
391,Murgab,TM,2019-11-12 03:29:47,37.5,61.97,33.8,86,0,3.27,clear sky,0.0,0.0
392,Salcininkai,LT,2019-11-12 03:29:47,54.3,25.38,36.0,100,90,5.82,fog,0.0,0.0
393,Yerbogachen,RU,2019-11-12 03:29:47,61.28,108.01,-14.82,92,98,8.72,overcast clouds,0.0,0.0
394,Khromtau,KZ,2019-11-12 03:29:47,50.26,58.44,31.87,73,86,12.66,overcast clouds,0.0,0.0
395,Lumut,BN,2019-11-12 03:29:47,4.66,114.45,89.6,74,75,2.24,broken clouds,0.0,0.0
396,Valparaiso,US,2019-11-12 03:29:48,41.47,-87.06,26.6,86,90,11.41,light rain,0.0,0.0
397,Jamame,SO,2019-11-12 03:29:48,0.07,42.75,82.11,80,33,11.21,light rain,0.44,0.0
398,Kungurtug,RU,2019-11-12 03:29:48,50.6,97.53,-3.28,57,100,5.1,overcast clouds,0.0,0.0
399,Westport,US,2019-11-12 03:29:10,41.14,-73.36,57.99,100,75,4.7,broken clouds,0.0,0.0
400,Beringovskiy,RU,2019-11-12 03:29:48,63.05,179.32,34.74,96,100,24.99,light rain,1.13,0.0
401,Worland,US,2019-11-12 03:29:48,44.02,-107.96,8.01,84,1,5.82,clear sky,0.0,0.0
402,Guiren,TW,2019-11-12 03:29:49,22.97,120.29,82.4,54,20,4.7,few clouds,0.0,0.0
403,Santa Maria Da Vitoria,BR,2019-11-12 03:29:49,-13.39,-44.19,74.43,36,0,4.97,clear sky,0.0,0.0
404,Boa Vista,BR,2019-11-12 03:29:49,2.82,-60.67,84.2,62,44,5.82,light rain,0.5,0.0
405,Vardo,US,2019-11-12 03:29:49,39.62,-77.74,59.0,50,1,8.05,clear sky,0.0,0.0
406,Garowe,SO,2019-11-12 03:29:49,8.41,48.48,70.02,78,31,6.87,scattered clouds,0.0,0.0
407,Kutum,SD,2019-11-12 03:29:49,14.2,24.66,61.79,22,10,2.39,clear sky,0.0,0.0
408,Gol,IN,2019-11-12 03:29:50,25.38,72.44,77.79,51,85,2.46,overcast clouds,0.0,0.0
409,Rio Novo Do Sul,BR,2019-11-12 03:29:50,-20.86,-40.94,68.72,98,100,6.98,heavy intensity rain,28.81,0.0
410,Namatanai,PG,2019-11-12 03:29:50,-3.66,152.44,84.18,70,100,5.93,moderate rain,4.19,0.0
411,Sinnamary,GF,2019-11-12 03:29:50,5.38,-52.96,81.81,83,64,12.77,broken clouds,0.0,0.0
412,Meulaboh,ID,2019-11-12 03:29:50,4.14,96.13,79.61,77,58,2.59,broken clouds,0.0,0.0
413,Syracuse,US,2019-11-12 03:29:45,43.05,-76.15,30.0,100,90,5.82,mist,0.0,0.0
414,Sandnessjoen,NO,2019-11-12 03:29:51,66.02,12.63,32.0,72,100,19.46,overcast clouds,0.0,0.0
415,Chieri,IT,2019-11-12 03:29:51,45.01,7.82,44.01,100,90,6.93,fog,0.0,0.0
416,Muli,CN,2019-11-12 03:29:51,28.08,109.56,58.95,70,100,2.46,overcast clouds,0.0,0.0
417,Robertson,AU,2019-11-12 03:29:51,-34.59,150.59,95.0,5,75,17.22,broken clouds,0.0,0.0
418,Vila Velha,BR,2019-11-12 03:29:51,-3.71,-38.6,86.0,74,0,10.29,clear sky,0.0,0.0
419,Osorno,CL,2019-11-12 03:29:52,-40.57,-73.14,51.35,95,0,4.14,clear sky,0.0,0.0
420,Atambua,ID,2019-11-12 03:29:52,-9.11,124.89,85.23,62,0,6.89,clear sky,0.0,0.0
421,Sulangan,PH,2019-11-12 03:29:53,11.14,123.72,82.8,74,100,14.16,light rain,1.63,0.0
422,Khaga,IN,2019-11-12 03:29:53,25.77,81.1,73.99,49,0,3.36,clear sky,0.0,0.0
423,Lazarev,RU,2019-11-12 03:29:53,52.23,141.51,33.46,75,53,18.79,broken clouds,0.0,0.0
424,Tumut,AU,2019-11-12 03:29:53,-35.3,148.22,66.34,51,100,13.13,overcast clouds,0.0,0.0
425,Puerto Colombia,CO,2019-11-12 03:29:53,10.99,-74.96,82.4,83,40,9.17,scattered clouds,0.0,0.0
426,Tres Arroyos,AR,2019-11-12 03:29:54,-38.38,-60.28,58.93,87,95,17.98,light rain,1.81,0.0
427,Blagoyevo,RU,2019-11-12 03:29:54,63.37,47.92,20.55,93,100,11.7,snow,0.0,1.75
428,Gillette,US,2019-11-12 03:29:54,44.29,-105.5,17.6,67,1,12.75,clear sky,0.0,0.0
429,Chapais,CA,2019-11-12 03:29:54,49.78,-74.86,5.0,84,90,2.75,light snow,0.0,0.0
430,Champerico,MX,2019-11-12 03:29:54,16.38,-93.6,71.6,83,40,3.36,scattered clouds,0.0,0.0
431,Visnes,NO,2019-11-12 03:29:55,59.36,5.22,44.01,60,100,12.75,overcast clouds,0.0,0.0
432,Naryan-Mar,RU,2019-11-12 03:29:55,67.67,53.09,-4.11,94,0,5.23,clear sky,0.0,0.0
433,Saint-Junien,FR,2019-11-12 03:29:55,45.89,0.9,42.8,100,90,2.24,fog,0.0,0.0
434,Hovd,NO,2019-11-12 03:29:55,63.83,10.7,28.0,85,0,5.82,clear sky,0.0,0.0
435,Margate,AU,2019-11-12 03:29:55,-43.03,147.26,57.2,33,40,26.4,shower rain,0.0,0.0
436,Jamshedpur,IN,2019-11-12 03:29:55,22.8,86.2,73.4,60,0,4.7,haze,0.0,0.0
437,Santa Lucia,IT,2019-11-12 03:29:56,41.98,12.66,59.0,93,75,8.05,broken clouds,0.0,0.0
438,Karpogory,RU,2019-11-12 03:29:56,64.0,44.44,22.77,94,100,11.03,snow,0.0,1.63
439,Keti Bandar,PK,2019-11-12 03:29:56,24.14,67.45,77.27,57,100,6.78,overcast clouds,0.0,0.0
440,Ruteng,ID,2019-11-12 03:29:57,-8.61,120.46,85.6,46,0,7.45,clear sky,0.0,0.0
441,Kholodnyy,RU,2019-11-12 03:29:57,62.72,147.95,0.23,95,83,1.9,broken clouds,0.0,0.0
442,Kifri,IQ,2019-11-12 03:29:57,34.69,44.96,63.68,20,0,5.53,clear sky,0.0,0.0
443,Byron Bay,AU,2019-11-12 03:25:03,-28.65,153.62,98.6,48,0,18.34,clear sky,0.0,0.0
444,Contamana,PE,2019-11-12 03:29:57,-7.35,-75.01,73.06,88,100,2.21,overcast clouds,0.0,0.0
445,Ambulu,ID,2019-11-12 03:29:57,-8.35,113.61,79.65,81,4,10.0,clear sky,0.0,0.0
446,Marawi,PH,2019-11-12 03:29:58,8.0,124.29,84.0,72,100,1.99,light rain,0.81,0.0
447,Svetlogorsk,RU,2019-11-12 03:29:58,53.14,59.15,32.0,84,20,20.13,few clouds,0.0,0.0
448,Biltine,TD,2019-11-12 03:29:58,14.53,20.93,70.07,14,49,6.46,scattered clouds,0.0,0.0
449,Aitape,PG,2019-11-12 03:29:58,-3.15,142.36,83.43,72,100,10.18,overcast clouds,0.0,0.0
450,Selizharovo,RU,2019-11-12 03:29:58,56.86,33.45,38.5,81,100,10.38,overcast clouds,0.0,0.0
451,Coquimbo,CL,2019-11-12 03:29:59,-29.95,-71.34,57.2,82,0,4.7,clear sky,0.0,0.0
452,Yar-Sale,RU,2019-11-12 03:29:59,66.83,70.83,4.48,96,100,6.78,light snow,0.0,0.38
453,Gorlitz,CA,2019-11-12 03:29:59,51.46,-102.45,5.0,77,20,13.87,few clouds,0.0,0.0
454,Immokalee,US,2019-11-12 03:29:59,26.42,-81.42,73.99,88,1,4.7,clear sky,0.0,0.0
455,Kalaleh,IR,2019-11-12 03:29:59,37.38,55.49,42.8,75,0,1.77,clear sky,0.0,0.0
456,Deputatskiy,RU,2019-11-12 03:30:00,69.3,139.9,0.86,97,89,1.79,light snow,0.0,0.13
457,Tupik,RU,2019-11-12 03:30:00,54.43,119.94,-6.13,78,0,3.53,clear sky,0.0,0.0
458,Batemans Bay,AU,2019-11-12 03:30:00,-35.71,150.18,88.0,32,1,8.01,clear sky,0.0,0.0
459,Beberibe,BR,2019-11-12 03:30:00,-4.18,-38.13,86.0,74,4,10.29,clear sky,0.0,0.0
460,Bhaderwah,IN,2019-11-12 03:30:00,32.98,75.72,47.03,51,100,7.14,overcast clouds,0.0,0.0
461,Whyalla,AU,2019-11-12 03:30:01,-33.04,137.58,64.4,48,12,24.16,few clouds,0.0,0.0
462,Parrsboro,CA,2019-11-12 03:30:01,45.41,-64.33,36.0,100,90,14.99,light snow,0.0,0.0
463,Harper,US,2019-11-12 03:30:01,30.3,-99.24,32.0,86,90,20.8,light rain,0.0,0.0
464,Boysun,UZ,2019-11-12 03:30:01,38.2,67.2,41.83,56,0,0.25,clear sky,0.0,0.0
465,Mogadouro,PT,2019-11-12 03:30:02,41.34,-6.71,39.92,92,5,3.67,clear sky,0.0,0.0
466,Longyearbyen,NO,2019-11-12 03:30:02,78.22,15.63,33.8,80,90,19.46,light snow,0.0,0.0
467,Sorland,NO,2019-11-12 03:30:02,67.67,12.69,33.69,68,43,15.41,scattered clouds,0.0,0.0
468,Augusto Correa,BR,2019-11-12 03:30:02,-1.02,-46.63,79.29,80,0,6.04,clear sky,0.0,0.0
469,Tougan,BF,2019-11-12 03:30:03,13.07,-3.07,80.11,16,51,10.74,broken clouds,0.0,0.0
470,Tagbac,PH,2019-11-12 03:30:03,7.09,125.16,89.6,59,75,5.82,broken clouds,0.0,0.0
471,Nieuw Amsterdam,SR,2019-11-12 03:30:03,5.88,-55.08,81.0,94,40,3.36,scattered clouds,0.0,0.0
472,Waipawa,NZ,2019-11-12 03:30:04,-39.94,176.59,54.0,79,100,4.5,moderate rain,4.0,0.0
473,Hakkari,FI,2019-11-12 03:30:04,61.34,23.75,30.0,100,75,3.36,broken clouds,0.0,0.0
474,Saint-Augustin,CA,2019-11-12 03:30:04,45.63,-73.98,21.0,85,90,19.46,light snow,0.0,0.0
475,La Ronge,CA,2019-11-12 03:27:38,55.1,-105.3,10.4,66,5,11.41,clear sky,0.0,0.0
476,Ust-Ishim,RU,2019-11-12 03:30:05,57.69,71.17,32.67,93,100,10.09,overcast clouds,0.0,0.0
477,Ancud,CL,2019-11-12 03:30:05,-41.87,-73.83,50.0,93,0,4.7,clear sky,0.0,0.0
478,Fredericton,CA,2019-11-12 03:26:11,45.97,-66.65,24.8,92,90,10.29,light snow,0.0,0.0
479,Sampit,ID,2019-11-12 03:30:05,-2.54,112.95,88.99,65,40,0.89,moderate rain,5.94,0.0
480,Mozarlandia,BR,2019-11-12 03:30:05,-14.74,-50.57,76.39,65,66,7.58,broken clouds,0.0,0.0
481,Saint George,GR,2019-11-12 03:30:06,39.45,22.34,59.0,82,75,1.21,broken clouds,0.0,0.0
482,Walvis Bay,NA,2019-11-12 03:30:06,-22.95,14.51,57.99,93,0,8.05,clear sky,0.0,0.0
483,Biak,ID,2019-11-12 03:30:06,-0.91,122.88,81.99,74,25,2.73,light rain,2.06,0.0
484,Ouegoa,NC,2019-11-12 03:30:06,-20.34,164.44,82.89,32,60,3.67,broken clouds,0.0,0.0
485,Shingu,JP,2019-11-12 03:30:06,33.72,135.99,69.8,49,40,11.41,scattered clouds,0.0,0.0
486,Tessalit,ML,2019-11-12 03:30:07,20.2,1.01,60.75,26,0,11.83,clear sky,0.0,0.0
487,Xam Nua,LA,2019-11-12 03:30:07,20.42,104.04,75.85,46,61,1.99,broken clouds,0.0,0.0
488,North Bend,US,2019-11-12 03:30:07,43.41,-124.22,55.99,93,1,3.36,clear sky,0.0,0.0
489,Kalat,PK,2019-11-12 03:30:07,29.03,66.58,42.96,72,82,4.56,light rain,0.31,0.0
490,Stony Plain,CA,2019-11-12 03:30:07,53.53,-114.0,17.01,100,1,4.7,clear sky,0.0,0.0
491,Chumikan,RU,2019-11-12 03:30:08,54.72,135.31,17.94,74,100,18.48,overcast clouds,0.0,0.0
492,Dunedin,NZ,2019-11-12 03:30:08,-45.87,170.5,57.0,47,39,14.0,scattered clouds,0.0,0.0
493,The Pas,CA,2019-11-12 03:30:08,53.82,-101.24,5.0,71,1,8.05,clear sky,0.0,0.0
494,Maceio,BR,2019-11-12 03:29:54,-9.67,-35.74,71.6,94,40,3.36,scattered clouds,0.0,0.0
495,Porto Novo,BR,2019-11-12 03:30:08,-23.68,-45.44,66.2,82,75,8.05,broken clouds,0.0,0.0
496,Vanimo,PG,2019-11-12 03:30:09,-2.67,141.3,82.0,71,100,6.44,overcast clouds,0.0,0.0
497,Bani Walid,LY,2019-11-12 03:30:09,31.76,14.0,52.2,52,30,11.59,scattered clouds,0.0,0.0
498,Abong Mbang,CM,2019-11-12 03:30:10,3.98,13.18,67.77,98,100,1.77,light rain,2.94,0.0
499,Smithers,CA,2019-11-12 03:30:10,54.78,-127.17,26.6,79,90,2.89,light snow,0.0,0.0
500,Grand-Santi,GF,2019-11-12 03:30:10,4.27,-54.38,72.77,97,79,1.59,light rain,0.44,0.0
501,Fergus Falls,US,2019-11-12 03:27:24,46.28,-96.08,5.0,84,1,3.36,clear sky,0.0,0.0
502,Broome,GB,2019-11-12 03:30:10,52.47,1.45,39.99,86,44,14.99,scattered clouds,0.0,0.0
503,Dingle,PH,2019-11-12 03:30:11,11.0,122.67,80.58,84,100,10.56,light rain,1.25,0.0
504,Ekimchan,RU,2019-11-12 03:30:11,53.07,132.94,4.78,81,100,8.9,overcast clouds,0.0,0.0
505,Manzanillo,MX,2019-11-12 03:30:11,19.05,-104.32,81.37,82,49,3.76,scattered clouds,0.0,0.0
506,Bocas Del Toro,PA,2019-11-12 03:30:11,9.33,-82.25,81.59,78,100,5.06,light rain,0.75,0.0
507,Rokytne,UA,2019-11-12 03:30:11,51.27,27.23,39.2,91,97,5.53,overcast clouds,0.0,0.0
508,Yanam,IN,2019-11-12 03:30:12,16.73,82.22,80.6,74,0,6.93,haze,0.0,0.0
509,Katangli,RU,2019-11-12 03:30:12,51.71,143.23,36.82,82,89,13.76,overcast clouds,0.0,0.0
510,Bridgton,US,2019-11-12 03:30:12,44.05,-70.71,33.01,92,90,5.82,light rain,0.0,0.0
511,Nantucket,US,2019-11-12 03:30:12,41.28,-70.1,57.2,87,1,12.75,clear sky,0.0,0.0
512,Bristol,GB,2019-11-12 03:29:25,51.45,-2.6,41.0,80,20,19.46,few clouds,0.0,0.0
513,La Libertad,PE,2019-11-12 03:30:13,-16.38,-71.56,59.0,67,75,2.24,broken clouds,0.0,0.0
514,Simao,CN,2019-11-12 03:30:13,22.76,100.79,71.4,69,28,2.53,scattered clouds,0.0,0.0
515,Waingapu,ID,2019-11-12 03:30:13,-9.65,120.26,83.23,77,0,6.71,clear sky,0.0,0.0
516,Talnakh,RU,2019-11-12 03:33:56,69.49,88.39,1.4,84,40,6.71,light snow,0.0,0.0
517,Marzuq,YE,2019-11-12 03:30:13,14.4,46.47,60.94,85,0,1.25,clear sky,0.0,0.0
518,Ocean City,US,2019-11-12 03:30:13,30.44,-86.61,71.6,88,75,2.24,broken clouds,0.0,0.0
519,North Platte,US,2019-11-12 03:30:14,41.12,-100.77,8.01,84,1,4.14,clear sky,0.0,0.0
520,Fortuna,US,2019-11-12 03:30:14,40.6,-124.16,54.0,100,90,4.7,overcast clouds,0.0,0.0
521,Basoko,CD,2019-11-12 03:30:14,1.23,23.61,70.61,99,100,2.1,moderate rain,6.19,0.0
522,Minna,NG,2019-11-12 03:30:14,9.62,6.55,75.2,94,26,5.82,scattered clouds,0.0,0.0
523,Morant Bay,JM,2019-11-12 03:30:14,17.88,-76.41,80.6,69,20,6.93,few clouds,0.0,0.0
524,Samarai,PG,2019-11-12 03:30:14,-10.62,150.67,79.9,69,92,9.82,overcast clouds,0.0,0.0
525,Anadyr,RU,2019-11-12 03:30:15,64.73,177.51,35.6,80,75,8.95,broken clouds,0.0,0.0
526,Saint John,CA,2019-11-12 03:30:15,45.28,-66.06,28.0,92,90,11.41,light snow,0.0,0.0
